{
  "_note1": "KEEP THIS FILE! Check it into a version control system (VCS) like git.",
  "_note2": "ObjectBox manages crucial IDs for your object model. See docs for details.",
  "_note3": "If you have VCS merge conflicts, you must resolve them according to ObjectBox docs.",
  "entities": [
    {
      "id": "1:285612163654915678",
      "lastPropertyId": "4:3462835489123483855",
      "name": "Note",
      "properties": [
        {
          "id": "1:7464691321031851337",
          "name": "id"
        },
        {
          "id": "2:8327585843614993730",
          "name": "title"
        },
        {
          "id": "3:168832944697549191",
          "name": "text"
        },
        {
          "id": "4:3462835489123483855",
          "name": "date"
        }
      ],
      "relations": []
    }
  ],
  "lastEntityId": "1:285612163654915678",
  "lastIndexId": "0:0",
  "lastRelationId": "0:0",
  "lastSequenceId": "0:0",
  "modelVersion": 4,
  "modelVersionParserMinimum": 4,
  "retiredEntityUids": [],
  "retiredIndexUids": [],
  "retiredPropertyUids": [],
  "retiredRelationUids": [],
  "version": 1
}